epoch,time,train/box_loss,train/pose_loss,train/kobj_loss,train/cls_loss,train/dfl_loss,metrics/precision(B),metrics/recall(B),metrics/mAP50(B),metrics/mAP50-95(B),metrics/precision(P),metrics/recall(P),metrics/mAP50(P),metrics/mAP50-95(P),val/box_loss,val/pose_loss,val/kobj_loss,val/cls_loss,val/dfl_loss,lr/pg0,lr/pg1,lr/pg2
1,3.39099,3.35987,4.90147,0.67928,5.02655,2.71723,0,0,0,0,0,0,0,0,3.33026,4.84985,0.67983,4.89518,3.04461,2.499e-05,2.499e-05,2.499e-05
2,6.53907,3.47115,5.20803,0.6647,5.06,2.6339,0,0,0,0,0,0,0,0,3.29348,4.83914,0.6804,4.70715,2.95261,4.67646e-05,4.67646e-05,4.67646e-05
3,8.98051,3.12312,5.07244,0.68638,4.82238,2.57557,0.00199,0.03531,0.00319,0.00081,0.00093,0.14131,0.00195,0.00024,2.77571,4.82074,0.68129,4.11987,2.55188,5.53445e-05,5.53445e-05,5.53445e-05
4,11.2979,2.66379,4.31282,0.69072,4.31114,2.13909,0.6413,0.08102,0.03414,0.01399,0.57802,0.04141,0.00697,0.00172,2.50587,4.76516,0.6816,3.3831,2.32055,5.07297e-05,5.07297e-05,5.07297e-05
5,13.6261,2.26298,4.82734,0.68144,3.56215,1.82836,0.65295,0.0878,0.07117,0.03576,0.75514,0.01589,0.00843,0.00215,2.41234,4.74865,0.68166,3.1307,2.23633,3.29202e-05,3.29202e-05,3.29202e-05
